GazeDirection_X,GazeDirection_Y,GazeDirection_Z,AGV_X,AGV_Y,User_X,User_Y,AGV_name
0.014578947368421,0.3217105263157894,-0.9395263157894737,3699.998947368421,11574.693184210526,1518.8491842105263,8540.0015,AGV1
0.4732777777777778,-0.1499722222222222,-0.7750972222222222,3700.00775,11494.67988888889,1500.432527777778,8566.994375,AGV1
0.3132361111111111,-0.6313472222222223,-0.7072777777777778,3700.033069444444,11245.798680555556,1504.1338194444445,8575.020736111112,AGV1
0.0514590163934426,-0.9241803278688524,-0.2093442622950819,3700.099,10862.569737704918,1532.7860327868852,8538.300540983606,AGV1
0.4959545454545454,-0.6197272727272728,-0.0820454545454545,3700.277409090909,10197.928022727272,1572.734909090909,8421.348295454545,AGV1
0.0591388888888888,-0.8709861111111111,-0.4145138888888888,3698.947861111111,9724.251694444443,1580.760638888889,8265.509083333332,AGV1
-0.0838169014084507,-0.9910704225352112,-0.0925070422535211,3694.4660704225353,9498.362394366197,1561.5202676056338,7918.971450704225,AGV1
-0.0650416666666666,-0.9926111111111112,-0.0928888888888888,3682.024625,9126.08375,1510.498347222222,7594.751597222222,AGV1
-0.0538194444444444,-0.995597222222222,-0.0690138888888888,3661.078861111111,8708.978555555555,1507.3846527777778,7223.611222222222,AGV1
-0.0517222222222222,-0.9383333333333334,-0.2832638888888888,3640.78925,8432.42298611111,1540.87075,6853.919361111111,AGV1
-0.0541944444444444,-0.991125,-0.1077361111111111,3613.007736111111,8172.1539861111105,1474.6175138888889,6554.798624999999,AGV1
0.0673472222222222,-0.9863888888888888,-0.14325,3540.7093750000004,7812.443222222222,1392.801875,6232.555583333333,AGV1
0.2220281690140845,-0.9217605633802818,-0.3070281690140845,3419.293887323944,7529.807676056337,1418.2801408450705,6064.095732394367,AGV1
0.1806805555555555,-0.9014305555555556,-0.3874444444444445,3292.5859166666664,7349.866347222221,1444.79125,6009.204305555556,AGV1
0.0515138888888888,-0.6876944444444445,-0.7205555555555555,3138.5677916666664,7189.9437777777775,1484.1301527777778,5918.883944444445,AGV1
-0.03125,-0.6932916666666666,-0.7192916666666667,2961.8151944444444,7055.652263888889,1495.1375694444444,5918.225847222222,AGV1
-0.0472676056338028,-0.8864788732394366,-0.343,2769.6861971830986,6945.51409859155,1491.9100985915493,5901.502971830986,AGV1
0.0040138888888888,-0.9921666666666664,-0.0344166666666666,2561.067708333333,6871.219388888889,1491.3714444444445,5915.2236250000005,AGV1
-0.0287605633802816,-0.968774647887324,-0.1538169014084507,2347.2965774647887,6816.264563380281,1491.4847746478872,5916.199802816901,AGV1
-0.2487777777777777,-0.9528472222222224,-0.0410277777777777,2131.2945,6774.148569444445,1491.476,5916.2210000000005,AGV1
-0.005875,-0.9679027777777776,-0.1009583333333333,1909.6463611111112,6762.59786111111,1491.477,5916.226,AGV1
-0.1841111111111111,-0.9708611111111112,-0.1521805555555555,1687.6422222222222,6765.06175,1491.477,5916.226,AGV1
-0.1888472222222222,-0.9681388888888888,-0.1624166666666666,1465.8156111111111,6766.387236111111,1491.477,5916.226,AGV1
0.0883098591549295,-0.979394366197183,-0.0948169014084507,1248.483267605634,6736.639788732394,1491.477,5916.226,AGV1
-0.4249027777777778,-0.902388888888889,0.0337777777777777,1048.527236111111,6641.0481666666665,1491.477,5916.226,AGV1
-0.1873472222222222,-0.9322916666666666,-0.0384027777777777,880.4706666666666,6493.977833333333,1491.477,5916.226,AGV1
0.0902361111111111,-0.9649305555555556,-0.1135277777777777,758.4656527777778,6306.851236111111,1491.477,5916.226,AGV1
-0.2566129032258064,-0.943032258064516,-0.2116129032258064,702.6768709677419,6156.600225806451,1491.477,5916.226,AGV1
-0.647,-0.0522857142857142,-0.7552,15095.628628571429,6680.001342857143,13170.382428571427,5827.595285714286,AGV10
-0.5461666666666667,0.4320138888888889,-0.6753333333333333,15021.32576388889,6679.992972222222,13160.741444444444,5818.849513888888,AGV10
-0.8009705882352941,0.3401470588235294,-0.3821176470588235,14825.213161764706,6679.976279411764,13151.741794117648,5807.739,AGV10
0.0799687499999999,0.679859375,-0.0685625,14603.41725,6679.95828125,13098.18109375,5890.088328125,AGV10
0.8111805555555556,0.5365833333333333,-0.2167083333333333,14380.986791666666,6679.940166666666,13037.916902777775,6053.252513888889,AGV10
0.69275,0.6732361111111111,-0.2328888888888889,14159.11775,6679.921972222222,13028.968,6069.99,AGV10
-0.5247916666666667,0.4005555555555555,-0.1511111111111111,13937.631083333334,6679.903694444444,13028.974375,6069.984555555555,AGV10
-0.8749454545454546,-0.0968727272727272,-0.4010181818181818,13697.407581818185,6679.883690909091,13017.858763636365,6076.425109090909,AGV10
-0.9442638888888888,-0.0243472222222222,-0.2597361111111111,13493.870791666668,6679.866638888889,12988.872486111111,6070.3022083333335,AGV10
-0.9922957746478872,0.0335492957746478,-0.1067323943661971,13273.575746478871,6679.848056338028,12792.874056338029,6031.475619718311,AGV10
-0.983015873015873,0.0772539682539682,-0.1302539682539682,13065.053396825397,6679.830349206349,12512.801841269842,5990.701126984127,AGV10
-0.990706896551724,0.0242068965517241,-0.1218965517241379,12810.02075862069,6679.808482758621,12073.286655172416,5987.781827586207,AGV10
-0.8747916666666666,-0.1105833333333333,-0.4533888888888888,12610.105416666664,6679.791249999999,11756.947569444445,6009.985527777778,AGV10
-0.9664166666666666,0.0048888888888888,-0.1859305555555555,12388.48877777778,6679.771916666667,11297.535569444444,6028.872763888889,AGV10
-0.9827222222222224,-0.0023888888888888,-0.1534305555555555,12166.590972222222,6679.752444444444,10871.343277777778,6045.781486111111,AGV10
-0.9075230769230768,-0.0877538461538461,-0.3411846153846153,11951.077984615386,6679.7333538461535,10438.823892307691,6049.906353846154,AGV10
-0.9860555555555556,-0.0146111111111111,-0.153875,11725.557930555557,6679.713152777778,9915.870083333331,6039.883569444445,AGV10
-0.9877916666666666,-0.0179166666666666,-0.1491111111111111,11503.704513888888,6679.693152777778,9506.891194444444,6020.572430555556,AGV10
-0.983236111111111,-0.0068194444444444,-0.1745972222222222,11281.829680555556,6679.673,9034.74601388889,6014.340958333333,AGV10
-0.9697222222222222,-0.1652916666666666,-0.1593888888888889,11060.02623611111,6679.652625,8565.980416666665,6062.071777777778,AGV10
-0.8632083333333332,-0.4522083333333333,-0.1671805555555555,10791.733361111112,6679.619944444445,8032.862250000001,6089.301736111111,AGV10
-0.7554929577464788,-0.6209718309859155,-0.2048591549295774,10411.585197183098,6679.541112676056,7879.013225352113,6091.046718309859,AGV10
-0.7948472222222223,-0.5611111111111111,-0.2271388888888889,10160.75061111111,6679.478763888889,7850.118847222223,6035.043166666666,AGV10
-0.8202222222222222,-0.4683333333333333,-0.3163333333333333,9938.921430555556,6679.422097222222,7775.442611111112,5953.360597222222,AGV10
-0.7804722222222222,-0.4705833333333333,-0.3847222222222222,9716.924180555556,6679.365458333334,7644.875958333334,5895.873680555556,AGV10
-0.4377916666666667,-0.5942777777777777,-0.6509583333333333,9495.002402777776,6679.309,7596.088291666666,5888.589736111111,AGV10
-0.2217464788732394,-0.8324788732394366,-0.4909154929577464,9274.729929577465,6679.253126760564,7602.856915492958,5919.259422535211,AGV10
-0.1822361111111111,-0.8668888888888888,-0.4598194444444444,9054.202930555555,6679.19725,7588.907513888889,5910.930888888888,AGV10
0.0053472222222222,-0.8272777777777778,-0.5611944444444444,8832.184874999999,6679.141166666666,7568.267763888889,5896.5836944444445,AGV10
-0.2970694444444444,-0.9026388888888888,-0.1228472222222222,8610.344416666667,6679.085236111111,7568.009999999999,5896.206,AGV10
-0.0950972222222222,-0.98875,-0.0640416666666666,8388.430569444445,6679.029388888888,7567.270430555556,5897.692916666667,AGV10
-0.4252361111111111,-0.8936111111111111,-0.1030972222222222,8166.563583333333,6678.973611111111,7567.162999999999,5897.905,AGV10
-0.3379577464788733,-0.9198028169014084,-0.0285352112676056,7946.19014084507,6678.918352112676,7567.163,5897.905,AGV10
-0.2157916666666667,-0.9446388888888888,-0.1380277777777777,7725.981847222221,6678.863208333333,7567.162999999999,5897.905,AGV10
-0.6055833333333334,-0.7918194444444445,-0.015875,7504.072208333334,6678.807680555556,7567.162999999999,5897.905,AGV10
-0.4144722222222222,-0.8610555555555556,-0.0513194444444444,7282.299347222221,6678.752347222222,7567.162999999999,5897.905,AGV10
-0.4169027777777778,-0.8811666666666667,-0.1217361111111111,7060.831708333333,6678.697041666666,7567.162999999999,5897.905,AGV10
-0.4966388888888889,-0.8326944444444444,-0.0155694444444444,6838.895583333334,6678.641777777778,7567.162999999999,5897.905,AGV10
-0.3618873239436619,-0.9014647887323944,-0.1648591549295774,6618.447281690141,6678.586887323943,7567.163,5897.905,AGV10
-0.4786923076923077,-0.8710769230769231,-0.1096153846153846,6488.9313846153855,6678.554692307692,7567.163,5897.905,AGV10
0.0169999999999999,0.064,-0.9978571428571428,15099.854714285717,6680.003142857143,7414.4015714285715,5795.188571428572,AGV11
-0.0870140845070422,0.4066197183098591,-0.8773802816901408,15069.90290140845,6679.997788732394,7415.056746478873,5783.409,AGV11
0.0545116279069767,0.8556511627906976,-0.2908837209302325,14947.605186046512,6679.986255813953,7413.836604651163,5756.072837209302,AGV11
0.9906875,0.1025,-0.0211875,14689.9005,6679.9579375,7418.367875,5788.08175,AGV11
-0.4330208333333333,0.7147083333333333,-0.0604583333333333,13989.679333333332,6679.802020833333,7413.551375,5968.648125,AGV11
0.037983606557377,0.901032786885246,-0.3580163934426229,13308.895,6679.603163934426,7413.93093442623,6236.423163934427,AGV11
0.0028888888888888,0.8344722222222223,-0.5390555555555555,12686.258333333331,6679.419083333333,7474.069055555555,6593.503902777778,AGV11
-0.0229436619718309,0.8470422535211267,-0.5113802816901408,12016.430183098591,6679.216676056339,7537.76114084507,6999.956887323944,AGV11
-0.0574999999999999,0.983375,-0.111375,11347.177097222222,6679.008555555555,7587.687291666666,7306.787958333333,AGV11
-0.0580833333333333,0.988152777777778,-0.1362916666666666,10673.573694444443,6678.798694444445,7575.162666666667,7558.123847222222,AGV11
-0.0103472222222222,0.9914583333333334,-0.1234583333333333,10003.173694444446,6678.589833333333,7491.621625,7802.499944444445,AGV11
0.1041388888888888,0.98,-0.157,9608.510444444444,6678.468833333333,7418.767305555556,8020.907444444445,AGV11
0.1621830985915493,0.9209577464788732,-0.340225352112676,9399.132422535213,6678.411563380282,7432.517394366197,8333.236887323945,AGV11
0.1980555555555555,0.8376666666666667,-0.502,9178.584763888888,6678.351833333333,7456.457111111111,8426.805847222222,AGV11
0.2706388888888889,0.4218611111111111,-0.8533333333333333,8956.832194444443,6678.291944444445,7458.315430555555,8531.209208333334,AGV11
0.314,0.3304583333333333,-0.8878055555555556,8735.009291666667,6678.232,7458.113541666666,8539.40775,AGV11
0.2330138888888889,0.889861111111111,-0.1836666666666666,8513.043666666666,6678.172013888889,7462.542680555555,8544.155347222222,AGV11
0.1056666666666666,0.9855694444444444,-0.0571388888888888,8291.183180555556,6678.112097222223,7442.449180555555,8509.627055555557,AGV11
-0.0178309859154929,0.9989154929577464,-0.0341549295774647,8070.998028169014,6678.052690140845,7417.825366197183,8447.916873239437,AGV11
0.1380138888888888,0.9772222222222222,-0.0587638888888888,7850.547861111111,6677.993166666666,7410.666999999999,8432.019,AGV11
0.1778611111111111,0.9633055555555556,-0.0925,7628.617041666667,6677.933291666666,7410.666999999999,8432.019,AGV11
0.3639305555555555,0.9203472222222222,-0.1407361111111111,7406.694069444445,6677.873374999999,7410.666999999999,8432.019,AGV11
0.1446666666666666,0.9795,-0.0715555555555555,7184.936638888889,6677.813486111111,7410.666999999999,8432.019,AGV11
0.4361805555555555,0.8902777777777777,0.0219722222222222,6963.075194444445,6677.753597222222,7410.590625000001,8431.98036111111,AGV11
0.4129154929577465,0.8952535211267606,-0.0994788732394366,6742.880577464789,6677.694084507043,7410.586,8431.978,AGV11
0.3616805555555555,0.9218611111111112,-0.1353888888888889,6522.454111111111,6677.6345,7410.586,8431.978,AGV11
0.2606111111111111,0.94775,-0.1099027777777777,6300.846208333333,6677.574638888889,7410.586,8431.978,AGV11
0.2443333333333333,0.95075,-0.0949861111111111,6079.073555555555,6677.514625,7410.586,8431.978,AGV11
0.4821666666666667,0.8717916666666666,0.0038888888888888,5857.143305555556,6677.454513888889,7410.586,8431.978,AGV11
0.5029861111111111,0.8578472222222222,-0.0231388888888888,5635.25525,6677.394375,7410.586,8431.978,AGV11
0.1433802816901408,0.9647323943661972,-0.0428309859154929,5375.623422535211,6677.320985915493,7410.586,8431.978,AGV11
0.3710138888888889,0.9118333333333334,-0.1530694444444444,4962.575527777778,6677.176194444444,7410.586,8431.978,AGV11
0.4013472222222222,0.9019166666666668,-0.1571388888888888,4355.93075,6676.907861111111,7410.586,8431.978,AGV11
0.3754,0.9202,-0.1102,3996.1394,6676.736999999999,7410.586,8431.978,AGV11
0.5343,0.4575,-0.7104999999999999,15089.7713,6670.0043000000005,7505.936,8512.61,AGV12
0.5968055555555556,-0.1033194444444444,-0.7162916666666667,15055.25225,6670.002847222222,7508.605513888888,8512.938222222223,AGV12
0.0494375,-0.770875,-0.34871875,14941.245375,6669.99871875,7521.86728125,8529.31565625,AGV12
0.5541379310344827,-0.5612413793103448,-0.0964482758620689,14457.666068965516,6669.934068965516,7549.726448275863,8511.898413793104,AGV12
0.917809523809524,-0.3751746031746031,-0.0895714285714285,14016.711285714286,6669.827301587302,7572.409857142857,8460.010857142857,AGV12
0.6082888888888889,-0.6450888888888889,-0.1085111111111111,13326.221244444445,6669.623688888889,7623.946288888888,8324.8954,AGV12
0.905846153846154,-0.4139423076923076,-0.0798076923076923,12695.21951923077,6669.432711538461,7648.375211538461,8257.837326923076,AGV12
0.1891212121212121,-0.899469696969697,-0.0978636363636363,12003.311303030305,6669.223181818182,7649.228075757576,8224.32906060606,AGV12
0.8502153846153847,-0.5117076923076923,-0.0837692307692307,11268.985415384615,6669.000430769231,7653.700015384616,8170.557553846154,AGV12
0.1977115384615384,-0.8804038461538461,-0.0870192307692307,10641.563326923077,6668.8089615384615,7653.689211538461,8170.651865384615,AGV12
0.6684305555555555,-0.718125,-0.0956388888888888,9959.696875,6668.593486111112,7655.225111111111,8154.321236111111,AGV12
0.2574929577464789,-0.8651690140845071,-0.1826056338028168,9584.30556338028,6668.478436619718,7653.493070422535,8144.259281690141,AGV12
0.5517916666666667,-0.8220138888888889,-0.1319027777777777,9370.972430555556,6668.421736111111,7651.7865,8141.690166666667,AGV12
0.3955138888888889,-0.86325,-0.2161111111111111,9149.018736111111,6668.363222222222,7651.634000000001,8141.446,AGV12
0.203327868852459,-0.8858196721311475,-0.3227540983606557,8933.884098360657,6668.306639344262,7651.634,8141.446,AGV12
0.1811666666666666,-0.9645138888888888,-0.1312499999999999,8705.716541666667,6668.246666666667,7651.846375,8141.184416666667,AGV12
0.0336760563380281,-0.9890985915492958,-0.1038591549295774,8485.225943661972,6668.188788732394,7651.291028169015,8134.369507042254,AGV12
0.1608333333333333,-0.9739583333333334,-0.1130138888888889,8265.03975,6668.131111111111,7648.1909444444445,8112.757319444445,AGV12
0.1605138888888889,-0.9705138888888888,-0.1269583333333333,8043.405333333333,6668.073097222222,7658.893708333333,8024.233444444444,AGV12
0.1142083333333333,-0.9744583333333332,-0.1684305555555555,7821.763305555555,6668.015111111111,7668.699527777779,8001.448819444444,AGV12
0.0202222222222222,-0.9854583333333332,-0.1489444444444444,7599.923111111111,6667.957180555556,7667.132166666666,7871.635569444444,AGV12
-0.0326944444444444,-0.990222222222222,-0.1125833333333333,7378.075458333333,6667.89925,7651.283055555556,7751.503986111111,AGV12
-0.1298873239436619,-0.9774647887323944,-0.1407605633802817,7157.758845070423,6667.841774647887,7635.797788732395,7649.961436619718,AGV12
-0.2217361111111111,-0.9556527777777778,-0.1614305555555555,6937.454902777778,6667.784333333333,7594.263166666667,7454.070138888889,AGV12
-0.0892777777777777,-0.9915277777777778,-0.0829027777777777,6715.619138888888,6667.726527777778,7544.975097222223,7234.4878055555555,AGV12
-0.0470833333333333,-0.9830138888888889,-0.1619444444444444,6493.822166666667,6667.668736111111,7531.527277777778,7033.359069444445,AGV12
-0.0466805555555555,-0.9900833333333332,-0.1250138888888888,6272.072166666667,6667.611000000001,7500.232958333334,6702.436388888888,AGV12
0.0936527777777777,-0.9834583333333332,-0.1457638888888889,6050.396222222222,6667.55325,7424.700166666666,6346.575555555555,AGV12
0.186056338028169,-0.9502535211267606,-0.2443802816901408,5830.061816901409,6667.495915492958,7432.361746478873,6148.449661971831,AGV12
0.1068333333333333,-0.8855555555555555,-0.4320555555555556,5609.287430555556,6667.438347222222,7485.658111111111,5984.714986111111,AGV12
0.0888333333333333,-0.7561805555555555,-0.6456944444444445,5387.388791666667,6667.380555555556,7511.789472222223,5923.832055555556,AGV12
0.0367222222222222,-0.6309305555555556,-0.7647361111111111,5165.489861111111,6667.322694444444,7514.816430555556,5888.299375,AGV12
0.0396111111111111,-0.6653472222222222,-0.6983055555555555,4895.878722222222,6667.249444444445,7514.153000000001,5873.262,AGV12
-0.1465915492957746,-0.980338028169014,-0.0110985915492957,4469.295591549296,6667.105802816901,7507.540112676056,5881.97409859155,AGV12
-0.1839861111111111,-0.911263888888889,-0.0224305555555555,3855.483402777778,6666.84575,7502.423611111111,5887.980555555556,AGV12
0.1460277777777777,-0.9606249999999998,-0.1383333333333333,3181.869902777778,6666.5396388888885,7502.415,5888.023,AGV12
-0.2567083333333333,-0.9514722222222224,-0.0627222222222222,2508.463041666667,6666.230236111111,7502.415,5888.023,AGV12
-0.3532916666666666,-0.9267222222222222,-0.0276805555555555,1834.782263888889,6665.920402777778,7502.415,5888.023,AGV12
-0.0008749999999999,-0.9481666666666668,-0.0721805555555555,1161.2806805555556,6665.610486111112,7502.415,5888.023,AGV12
-0.0698591549295774,-0.9640985915492956,-0.144281690140845,607.5982112676056,6668.14938028169,7502.415,5888.023,AGV12
-0.105875,-0.9395972222222222,-0.0544444444444444,612.1510833333333,6678.512083333333,7502.415,5888.023,AGV12
0.1555416666666666,-0.9761805555555556,-0.1130138888888889,563.2868611111112,6674.83425,7502.415,5888.023,AGV12
-0.3201805555555556,-0.9200833333333333,-0.1007499999999999,518.7247222222222,6671.264611111112,7502.415,5888.023,AGV12
-0.0369861111111111,-0.9254583333333332,-0.0741805555555555,517.5482222222222,6671.048958333334,7502.415,5888.023,AGV12
0.1049583333333333,-0.9624583333333332,-0.1635277777777778,517.5524861111112,6670.948791666667,7502.415,5888.023,AGV12
-0.2213623188405797,-0.9371594202898552,-0.2499420289855072,517.5563768115942,6670.850608695652,7502.415,5888.023,AGV12
-0.5111578947368421,-0.2952631578947368,-0.8068947368421053,3789.967368421053,11579.000789473685,7486.744631578948,5846.361842105263,AGV13
-0.6349722222222222,0.287375,-0.6819305555555555,3781.084555555555,11535.540652777778,7481.676263888889,5840.229458333333,AGV13
-0.5493030303030303,0.7227121212121211,-0.3096363636363636,3729.7766212121214,11370.263363636364,7472.375621212122,5824.470439393939,AGV13
-0.4553833333333333,0.8698333333333333,-0.0720666666666666,3647.621033333333,11005.311883333334,7476.50515,5827.622816666667,AGV13
0.3239285714285714,0.7951785714285714,-0.0391071428571428,3601.7047142857145,10596.40567857143,7443.87175,5863.720249999999,AGV13
-0.6759268292682927,0.7301707317073171,-0.0906585365853658,3556.603731707317,9883.99136585366,7370.074829268294,6025.023902439025,AGV13
-0.7268888888888889,0.6779305555555556,-0.0858749999999999,3559.8448055555555,9195.437805555555,7305.625361111111,6196.177277777778,AGV13
-0.742,0.6429722222222222,-0.0701944444444444,3699.063611111111,8541.809152777778,7290.869777777777,6293.735652777777,AGV13
-0.6421,0.7065571428571429,-0.0879857142857142,4103.968728571428,8027.170871428571,7290.209,6296.574,AGV13
-0.8312638888888889,0.5495694444444444,-0.0753194444444444,4712.661472222222,7776.319958333333,7290.208999999999,6296.574,AGV13
-0.775513888888889,0.6213194444444444,-0.1022361111111111,5228.867375,7689.877083333334,7290.208999999999,6296.574,AGV13
-0.7514166666666666,0.6510833333333333,-0.0962638888888888,5439.667652777778,7671.142138888888,7290.208999999999,6296.574,AGV13
-0.6904583333333334,0.70975,-0.1038333333333333,5661.027944444444,7657.715194444444,7290.208999999999,6296.574,AGV13
-0.7262295081967213,0.5650000000000001,-0.194655737704918,5891.849950819672,7648.213393442623,7290.209,6296.574,AGV13
-0.6547037037037037,0.4427962962962963,-0.0852407407407407,6113.775240740741,7641.929296296295,7290.208999999999,6296.574,AGV13
0.0373333333333333,0.5799583333333334,-0.0442916666666666,6344.9155,7637.420916666667,7290.209,6296.574,AGV13
-0.6186666666666666,0.7743333333333333,-0.121,6545.088333333333,7634.549972222222,7290.196708333333,6296.575527777777,AGV13
-0.5729027777777778,0.7348472222222222,-0.3079166666666666,6767.053027777777,7632.343499999999,7290.177,6296.578,AGV13
-0.5125972222222223,0.8105555555555556,-0.1818055555555555,6989.009777777778,7630.820944444445,7284.884986111112,6303.906625,AGV13
-0.4631527777777778,0.8588055555555555,-0.1730555555555555,7211.273083333333,7629.772208333334,7273.386819444445,6313.624777777778,AGV13
-0.561549295774648,0.8094225352112676,-0.1629014084507042,7431.592718309859,7629.039605633803,7211.668563380282,6363.654028169014,AGV13
-0.5528055555555556,0.8184027777777777,-0.1487638888888889,7651.723055555556,7628.576555555555,7022.730819444445,6555.185986111112,AGV13
-0.4861111111111111,0.8675138888888889,-0.0788611111111111,7873.539902777778,7628.274930555556,6803.116416666667,6790.868097222223,AGV13
-0.318625,0.9413055555555556,-0.0682499999999999,8095.502166666666,7628.0993055555555,6543.664138888889,7071.056402777777,AGV13
-0.4184722222222222,0.8915000000000001,-0.1620694444444444,8317.388916666667,7627.996819444444,6260.452152777778,7381.193902777778,AGV13
-0.3574647887323943,0.9171408450704226,-0.1574366197183098,8539.217211267605,7627.9462816901405,6056.307183098592,7651.36404225352,AGV13
-0.3148472222222222,0.9418472222222224,-0.1074305555555555,8829.597444444444,7627.929902777778,5880.178333333333,7983.974638888889,AGV13
-0.259375,0.9271666666666668,-0.2508611111111111,9294.289430555556,7627.997388888889,5725.873805555555,8320.119791666666,AGV13
-0.0728055555555555,0.7791805555555555,-0.6150555555555556,9935.432722222222,7628.283777777779,5641.891222222223,8506.659875000001,AGV13
-0.0521527777777777,0.7194305555555556,-0.6914861111111111,10608.88323611111,7628.687180555555,5635.819930555555,8512.200819444444,AGV13
0.0475833333333333,0.9716805555555555,-0.1235,11282.38890277778,7629.099375000001,5628.849875,8514.344208333332,AGV13
0.2535633802816901,0.95556338028169,0.0203802816901408,11951.370929577464,7629.509112676056,5633.279112676056,8492.352563380282,AGV13
0.0635694444444444,0.9545555555555556,-0.0271805555555555,12620.03675,7629.91911111111,5643.832111111111,8438.908444444445,AGV13
-0.1373611111111111,0.9843333333333332,-0.0774583333333333,13293.91551388889,7633.153972222222,5644.14,8437.642,AGV13
0.2351249999999999,0.9643611111111112,-0.0544444444444444,13916.211722222222,7825.625416666667,5644.14,8437.642,AGV13
0.095875,0.977527777777778,-0.1190555555555555,14249.27601388889,8379.019055555555,5644.14,8437.642,AGV13
0.265625,0.9490138888888888,0.0070972222222222,14146.677069444444,8966.168041666668,5644.14,8437.642,AGV13
-0.0838873239436619,0.9882676056338028,-0.0725070422535211,14066.079352112676,9062.782169014085,5644.14,8437.642,AGV13
0.2325555555555555,0.9603194444444444,-0.0871944444444444,14064.980666666666,9062.636055555557,5644.14,8437.642,AGV13
0.1312638888888889,0.9680555555555556,-0.0199166666666666,14063.93563888889,9062.469694444444,5644.14,8437.642,AGV13
0.2274583333333333,0.9572361111111112,-0.0828333333333333,14062.89098611111,9062.307736111112,5644.14,8437.642,AGV13
0.1499444444444444,0.9567638888888887,-0.0251527777777777,14061.845069444444,9062.150166666666,5644.14,8437.642,AGV13
0.0225694444444444,0.9872638888888888,-0.1008055555555555,14060.797902777778,9061.996972222223,5644.14,8437.642,AGV13
0.2319577464788732,0.9500985915492955,-0.1964225352112676,14059.757253521127,9061.84938028169,5644.14,8437.642,AGV13
0.2433043478260869,0.943391304347826,-0.2179130434782608,14058.90563043478,9061.731804347826,5644.136652173914,8437.636217391304,AGV13
0.3875,0.46575,-0.79525,9949.9985,10279.885,5681.5725,8510.80725,AGV14
0.6004285714285714,0.282375,-0.5976071428571429,9950.0,10263.612232142856,5681.5737500000005,8511.244303571428,AGV14
0.4112295081967213,-0.6774754098360656,-0.4811311475409836,9950.01462295082,10111.8268852459,5680.594426229508,8527.111081967214,AGV14
0.33275,-0.93775,-0.08175,9950.0965,9556.40475,5692.963,8504.531500000001,AGV14
0.2295416666666666,-0.7833611111111112,-0.5147222222222223,9950.178305555555,9232.46197222222,5703.162569444445,8465.562597222222,AGV14
0.9563333333333334,-0.208298245614035,-0.0682631578947368,9950.387807017543,8505.991245614036,5733.3414736842105,8390.714263157895,AGV14
0.9654027777777778,-0.2354305555555555,-0.0864583333333333,9933.052444444444,7896.21188888889,5778.391222222223,8181.66198611111,AGV14
0.8843943661971831,-0.436281690140845,-0.0978028169014084,9740.00967605634,7270.732943661972,5786.944126760563,7908.472845070423,AGV14
0.5859722222222223,-0.6431388888888888,-0.1276527777777777,9220.486819444444,6877.25825,5733.845180555556,7586.455513888889,AGV14
-0.0682083333333333,-0.9683194444444444,-0.2350138888888888,8571.699916666666,6710.803625,5646.893375,7208.465902777778,AGV14
0.0701388888888888,-0.9681388888888888,-0.2312361111111111,8045.8990416666675,6660.575111111111,5546.933402777778,6779.003611111111,AGV14
0.2348472222222222,-0.9553333333333331,-0.1705416666666666,7828.137361111111,6649.5031944444445,5563.948944444444,6296.795430555556,AGV14
0.1754027777777777,-0.8491388888888889,-0.4701388888888889,7605.8195,6641.963708333333,5660.549263888889,5962.144597222223,AGV14
-0.2306338028169014,-0.7882253521126761,-0.5626760563380281,7385.138197183099,6636.594746478873,5677.889633802817,5933.250126760564,AGV14
-0.287625,-0.6695,-0.6799583333333333,7164.773972222222,6633.061958333334,5693.549055555555,5900.541166666666,AGV14
-0.3701944444444444,-0.5748055555555556,-0.7274444444444444,6942.975208333333,6630.816138888888,5700.423583333333,5886.815027777778,AGV14
-0.1035833333333333,-0.9572777777777776,-0.1383611111111111,6721.177597222222,6629.506625,5690.487097222223,5886.171791666667,AGV14
-0.1343611111111111,-0.9795416666666666,-0.0077361111111111,6499.068958333333,6628.761597222223,5675.403236111111,5878.1445,AGV14
-0.1725,-0.915736111111111,-0.0382777777777777,6277.017861111111,6628.342513888889,5674.945013888889,5875.875361111112,AGV14
-0.0500985915492957,-0.9619154929577464,-0.1929577464788732,6056.573873239437,6628.115239436619,5674.94,5875.878,AGV14
-0.4356666666666667,-0.8905138888888889,-0.0407361111111111,5836.212763888889,6627.992152777778,5674.94,5875.878,AGV14
-0.4961111111111111,-0.8650555555555556,-0.0069444444444444,5614.271694444444,6627.943569444444,5674.94,5875.878,AGV14
0.1173055555555555,-0.9729305555555556,-0.1123194444444444,5392.437666666667,6627.936361111111,5674.94,5875.878,AGV14
0.0639166666666666,-0.9842222222222224,-0.1259444444444444,5170.694569444445,6627.954680555556,5674.94,5875.878,AGV14
-0.4189859154929578,-0.8867183098591549,-0.0666338028169014,4950.015253521126,6627.990098591549,5674.94,5875.878,AGV14
-0.1116666666666666,-0.9539027777777778,-0.0660833333333333,4729.292944444444,6628.034416666666,5674.94,5875.878,AGV14
-0.2425833333333333,-0.9416944444444444,-0.1384027777777777,4507.071597222222,6628.082166666667,5674.94,5875.878,AGV14
-0.3847638888888889,-0.8729027777777777,-0.0294444444444444,4285.142777777778,6628.134083333333,5674.94,5875.878,AGV14
0.1524166666666666,-0.978986111111111,-0.1238194444444444,4063.2604583333336,6628.185680555555,5674.94,5875.878,AGV14
-0.1864027777777777,-0.9360833333333332,-0.2518194444444444,3841.476569444445,6628.234986111111,5674.94,5875.878,AGV14
-0.3670985915492957,-0.9083239436619718,-0.1749014084507042,3621.1610422535214,6628.280676056338,5674.94,5875.878,AGV14
-0.2305625,-0.92496875,-0.29959375,3462.644125,6628.31121875,5674.94,5875.878,AGV14
-0.6740181818181817,-0.1713818181818182,-0.6997818181818182,11617.407436363635,6680.000345454545,5662.620345454546,5843.2227454545455,AGV15
-0.7982545454545455,0.1256363636363636,-0.521290909090909,11526.797363636364,6679.990400000001,5652.538872727272,5848.532,AGV15
-0.94052,0.12344,-0.10072,11178.46178,6679.9512,5604.3054,5887.9453,AGV15
-0.00625,0.56025,-0.0342222222222222,10850.294305555555,6679.887972222223,5588.429944444444,5891.157638888889,AGV15
-0.7635862068965517,0.2956724137931034,-0.1220689655172413,10054.695224137931,6679.666913793103,5572.296086206897,5913.504827586206,AGV15
-0.9769444444444444,-0.0064166666666666,-0.1661527777777777,9431.642,6679.482944444444,5462.573277777778,5981.583388888889,AGV15
-0.888029411764706,-0.0948088235294117,-0.3869558823529411,8773.638485294117,6679.287779411765,5203.070176470588,5967.057617647059,AGV15
-0.99,0.0787777777777777,-0.1055,8093.448375000001,6679.078347222222,4915.015875,5901.922388888889,AGV15
-0.9934166666666666,0.0381388888888888,-0.100625,7419.735638888889,6678.868638888889,4524.353597222222,5946.525083333333,AGV15
-0.982777777777778,0.0155277777777777,-0.1602638888888888,6746.180194444444,6678.658833333333,4073.029097222222,6105.105833333333,AGV15
-0.9876111111111112,-0.0050833333333333,-0.1479861111111111,6234.073083333333,6678.502847222222,3748.841458333334,6115.011902777778,AGV15
-0.9792916666666668,0.0597916666666666,-0.1917499999999999,5992.232847222223,6678.444166666666,3384.017,6010.613958333333,AGV15
-0.9811830985915492,-0.0272676056338028,-0.1805211267605634,5656.347535211267,6678.368225352112,2866.277901408451,6056.667267605633,AGV15
-0.9643888888888889,-0.1863194444444444,-0.1815694444444444,5146.91975,6678.227444444445,2526.801888888889,6158.535263888889,AGV15
-0.9601666666666664,-0.1765694444444444,-0.1955416666666666,4777.815208333333,6678.110819444444,2253.105361111111,6078.004013888889,AGV15
-0.939375,0.0146249999999999,-0.3368333333333333,4552.269638888889,6678.040180555556,2025.0667222222223,5954.403319444445,AGV15
-0.9244583333333334,-0.0314583333333333,-0.3676388888888888,4330.2754444444445,6677.970805555556,1902.9534166666667,5948.269180555555,AGV15
-0.8940985915492958,-0.374112676056338,-0.1991408450704225,4109.830253521126,6677.902112676056,1840.7321549295773,5992.771098591549,AGV15
-0.4040416666666667,-0.8474444444444444,-0.2826111111111111,3889.655263888889,6677.833736111111,1574.751125,6019.777861111111,AGV15
-0.1461111111111111,-0.9265694444444444,-0.3317638888888889,3667.9641527777776,6677.765069444445,1534.353902777778,6006.981986111111,AGV15
-0.2852638888888889,-0.8749861111111111,-0.3786111111111111,3445.9967083333336,6677.696555555555,1530.5832916666668,5995.62776388889,AGV15
-0.035375,-0.8327916666666666,-0.5089166666666667,3224.3439027777777,6677.628277777778,1490.600625,5905.816416666667,AGV15
0.225375,-0.6713055555555556,-0.7057638888888889,3002.6780972222223,6677.560236111111,1464.3474722222222,5851.454513888889,AGV15
0.2204788732394366,-0.724887323943662,-0.6190140845070422,2782.38261971831,6677.492746478873,1463.239957746479,5850.450169014084,AGV15
0.058625,-0.994986111111111,-0.0053194444444444,2561.8763055555555,6677.425375,1439.0728194444446,5868.731333333333,AGV15
0.2022916666666666,-0.9767083333333332,-0.0068194444444444,2339.931,6677.357708333333,1442.4515,5931.632125,AGV15
0.2744861111111111,-0.958625,-0.0551805555555555,2118.209638888889,6677.290291666667,1442.5253333333335,5950.74175,AGV15
-0.0228611111111111,-0.9873055555555555,-0.0759166666666666,1896.474611111111,6677.222958333334,1442.525,5950.743,AGV15
-0.1209861111111111,-0.98025,-0.0549722222222222,1674.6756805555556,6677.155763888889,1442.525,5950.743,AGV15
-0.0576901408450704,-0.9710704225352113,-0.0262676056338028,1454.4053661971832,6677.0891549295775,1442.525,5950.743,AGV15
0.1649861111111111,-0.9773055555555556,-0.1024722222222222,1234.2435833333334,6677.022736111111,1442.525,5950.743,AGV15
-0.1009583333333333,-0.9819583333333332,-0.0873333333333333,1012.309486111111,6676.955861111111,1442.525,5950.743,AGV15
0.0509861111111111,-0.9801666666666669,-0.0582361111111111,790.3665833333333,6676.889125,1442.525,5950.743,AGV15
0.0495555555555555,-0.9830277777777778,-0.1534444444444444,577.9862222222223,6676.805861111111,1442.525,5950.743,AGV15
-0.2020555555555555,-0.9746805555555554,-0.0145416666666666,519.304125,6676.70075,1442.525,5950.743,AGV15
0.125281690140845,-0.9749577464788732,-0.1319859154929577,517.4345070422535,6676.606774647888,1442.525,5950.743,AGV15
-0.1038333333333333,-0.974847222222222,-0.1549305555555555,517.4317361111111,6676.514680555556,1442.525,5950.743,AGV15
-0.0426805555555555,-0.9796527777777776,-0.1788611111111111,517.4285277777777,6676.422069444445,1442.525,5950.743,AGV15
-0.0232325581395348,-0.9739302325581396,-0.2239767441860465,517.4259302325582,6676.348139534883,1442.525,5950.743,AGV15
-0.3252280701754386,-0.4786491228070175,-0.8017719298245614,3699.999754385965,11566.377824561405,1414.2162456140352,5897.314561403508,AGV16
-0.5475972222222222,0.3937222222222222,-0.6675972222222222,3700.012444444445,11445.389722222222,1397.763875,5871.006541666667,AGV16
-0.1170588235294117,0.8275882352941176,-0.4019117647058823,3700.031088235294,11251.11644117647,1393.603,5839.604941176471,AGV16
0.3083749999999999,0.919625,-0.067825,3700.167500000001,10577.806875,1398.79215,5854.320425,AGV16
-0.0054305555555555,0.9087222222222222,-0.3569444444444444,3700.166125,10037.385916666666,1394.8276944444444,5902.708097222222,AGV16
0.67,0.7068888888888889,0.0004444444444444,3692.400222222222,9468.529,1395.4897777777778,5964.702111111112,AGV16
0.6937037037037037,0.714851851851852,-0.0652037037037037,3654.6577777777775,8616.829685185185,1399.876259259259,6001.409481481481,AGV16
0.7833611111111112,0.6156944444444444,-0.0746388888888889,3587.723861111111,8031.15623611111,1399.876,6001.414,AGV16
0.8084583333333334,0.577125,-0.0975972222222222,3396.52725,7475.084027777779,1399.876,6001.414,AGV16
0.8272777777777778,0.5494583333333334,-0.1159027777777777,3229.483472222222,7264.267791666667,1399.876,6001.414,AGV16
0.8406388888888888,0.5319583333333333,-0.0989722222222222,3061.629472222222,7118.752277777778,1399.876,6001.414,AGV16
0.3814507042253521,0.7644225352112676,-0.2970845070422535,2877.19861971831,6997.644830985915,1399.876,6001.414,AGV16
0.6021694915254238,0.677728813559322,-0.1572372881355932,2670.6073559322035,6900.843694915254,1399.876,6001.414,AGV16
0.849736111111111,0.5044166666666666,-0.0879861111111111,2463.7305,6843.783847222222,1399.876,6001.414,AGV16
0.4124166666666666,0.8413888888888889,-0.2460138888888889,2248.132388888889,6791.7255138888895,1399.876,6001.414,AGV16
-0.4461944444444444,0.8146249999999999,-0.1313055555555555,2028.2789444444445,6763.538569444445,1399.876,6001.414,AGV16
-0.2756478873239437,0.8895633802816901,-0.2002957746478873,1807.606591549296,6761.805281690141,1399.876,6001.414,AGV16
-0.4405,0.8564583333333333,-0.1411805555555555,1587.3442222222222,6765.310611111111,1399.876,6001.414,AGV16
-0.6856666666666666,0.7079722222222222,-0.156625,1365.739625,6760.919222222223,1399.876,6001.414,AGV16
-0.576875,0.7345138888888889,-0.2326944444444444,1152.265625,6699.894986111111,1399.876,6001.414,AGV16
-0.4996527777777778,0.6821527777777778,-0.2342916666666666,963.8634166666666,6579.381236111111,1399.876,6001.414,AGV16
-0.7517222222222223,0.4493611111111111,-0.2271388888888889,815.1645277777777,6412.307888888889,1399.876,6001.414,AGV16
0.141235294117647,0.9600294117647058,-0.1405588235294117,717.3923382352941,6211.322720588236,1399.756411764706,6001.485323529411,AGV16
-0.1987916666666666,0.911888888888889,-0.2003888888888889,659.188138888889,5999.298694444445,1395.9982916666663,6031.344472222223,AGV16
0.0571538461538461,0.9434038461538462,-0.2386923076923077,613.4880384615385,5797.728288461538,1402.5402115384616,6215.778423076923,AGV16
0.0008888888888888,0.9812083333333336,-0.1515833333333333,574.5599027777778,5563.496847222222,1423.2209305555557,6554.003722222222,AGV16
0.0695555555555555,0.9898055555555556,-0.1202361111111111,547.0206527777777,5343.332041666667,1392.7531666666666,6781.1085416666665,AGV16
0.0468888888888888,0.9900277777777776,-0.1271666666666666,526.94625,5122.306791666666,1399.39725,7205.201277777777,AGV16
0.0149436619718309,0.995,-0.0911971830985915,511.29430985915496,4876.308366197182,1442.5962957746478,7514.939070422535,AGV16
-0.0040277777777777,0.9915138888888888,-0.1203055555555555,497.174875,4491.229166666667,1445.609888888889,7765.362166666667,AGV16
-0.0001944444444444,0.9755555555555556,-0.1937777777777777,490.2178888888889,3912.3370555555553,1415.6127777777776,8105.589055555556,AGV16
-0.2637083333333334,0.8767777777777778,-0.3806111111111111,493.1185138888889,3240.529361111111,1428.021125,8403.797972222223,AGV16
0.1824027777777778,0.8503055555555555,-0.4820833333333333,499.44258333333335,2566.725847222222,1425.199125,8453.706013888888,AGV16
0.1885972222222222,0.8033611111111111,-0.5627222222222222,506.9192777777778,1892.6863611111112,1421.6315277777778,8476.306180555555,AGV16
0.1094366197183098,0.923549295774648,-0.2574929577464789,581.0130281690141,1333.774661971831,1420.15976056338,8478.78852112676,AGV16
-0.1458333333333333,0.9822777777777778,-0.0458333333333333,622.3894861111111,1261.9382777777778,1426.3887916666667,8473.804194444445,AGV16
0.0208055555555555,0.9819027777777778,-0.1381944444444444,624.4017083333333,1259.9562361111111,1425.167,8466.202,AGV16
0.2838888888888889,0.9538194444444444,-0.0134027777777777,625.4609305555555,1259.9335,1425.167,8466.202,AGV16
0.2048472222222222,0.9453888888888888,-0.0152083333333333,626.5192361111111,1259.9063333333334,1425.167,8466.202,AGV16
-0.0408611111111111,0.9866388888888888,-0.1081805555555555,627.5776944444444,1259.874625,1425.167,8466.202,AGV16
0.2974788732394366,0.939549295774648,-0.0033098591549295,628.6288309859154,1259.8386478873238,1425.167,8466.202,AGV16
0.0046388888888888,0.979875,-0.1257916666666666,629.6787777777778,1259.7981666666665,1425.167,8466.202,AGV16
0.3728888888888889,0.9209444444444446,0.0008055555555555,630.7360416666667,1259.753,1425.167,8466.202,AGV16
-0.1704999999999999,0.9822083333333332,-0.0744166666666666,631.7929861111111,1259.703152777778,1425.167,8466.202,AGV16
0.1455490196078431,0.965372549019608,-0.1906078431372549,632.6963137254902,1259.6570784313726,1425.167,8466.202,AGV16
-0.4836666666666666,-0.3066,-0.8114333333333333,11626.968366666666,6680.002033333333,1442.398233333333,5862.4910666666665,AGV2
-0.2685277777777777,0.5657361111111111,-0.6385138888888888,11561.67088888889,6679.994097222222,1421.2275972222224,5839.925486111111,AGV2
0.3356527777777778,0.6017916666666667,-0.6432638888888889,11331.559402777775,6679.972305555555,1403.1329722222222,5824.564972222222,AGV2
0.9376901408450704,0.262225352112676,-0.156281690140845,10931.549112676055,6679.906957746479,1396.5656901408452,5832.253535211267,AGV2
0.7376666666666667,0.3921428571428571,-0.4481904761904762,10460.409166666666,6679.788738095238,1430.9333095238096,5853.4245,AGV2
0.993974358974359,0.0288461538461538,-0.0799230769230769,9655.987615384614,6679.553615384616,1534.0417692307692,5969.364153846153,AGV2
0.9406610169491526,0.0198474576271186,-0.2624915254237288,9062.909779661017,6679.379610169492,1659.3267627118644,6084.612220338983,AGV2
0.9806333333333334,-0.05445,-0.1187166666666666,8275.55505,6679.143716666667,1884.44585,6124.316183333333,AGV2
0.8657499999999999,0.0339166666666666,-0.4719583333333333,7655.096791666667,6678.951944444444,2140.589861111111,6117.665263888888,AGV2
0.991591836734694,-0.0392448979591836,-0.0691836734693877,6951.617306122449,6678.734408163265,2388.2549591836737,6108.044000000001,AGV2
0.9879722222222224,0.0160416666666666,-0.1171666666666666,6316.707083333333,6678.537666666667,2628.6253333333334,6106.220152777778,AGV2
0.9789583333333334,-0.0606944444444444,-0.1797777777777778,5652.914444444444,6678.33175,2934.5749861111112,6121.093861111111,AGV2
0.9820972222222222,0.0148055555555555,-0.1565555555555555,5313.006361111111,6678.223986111111,3111.173680555556,6107.842222222223,AGV2
0.9729166666666668,0.1490138888888889,-0.1366805555555555,5101.261791666667,6678.156694444445,3387.876555555556,6079.471972222223,AGV2
0.9524626865671642,0.1441044776119402,-0.197776119402985,4880.211029850747,6678.08747761194,3703.881805970149,6087.517059701492,AGV2
0.9495492957746478,-0.0829014084507042,-0.2524929577464788,4658.953830985915,6678.0182253521125,4010.957295774648,6095.020633802817,AGV2
0.9637777777777776,-0.1352638888888889,-0.2129166666666666,4438.597208333334,6677.9495,4278.219305555555,6104.172083333334,AGV2
0.9412361111111112,-0.2871527777777778,-0.1374722222222222,4216.759458333333,6677.880291666666,4602.581402777778,6111.623333333333,AGV2
0.8872083333333333,-0.4493888888888889,-0.0700277777777777,3994.627583333333,6677.811097222222,4940.48575,6092.262680555556,AGV2
0.88275,-0.4469722222222222,-0.1377916666666666,3772.939986111111,6677.7420833333335,5167.236736111111,6015.3305,AGV2
0.90275,-0.3031805555555555,-0.2842222222222222,3551.320486111111,6677.673263888889,5420.201152777778,5859.147736111111,AGV2
0.9125211267605634,-0.1752957746478873,-0.3681549295774647,3330.918366197183,6677.60476056338,5462.552436619719,5838.8688169014085,AGV2
0.8962083333333334,-0.2180555555555555,-0.3846944444444444,3109.779,6677.536222222222,5473.520694444444,5843.090819444445,AGV2
0.8698194444444445,-0.2859027777777778,-0.3995416666666667,2825.596,6677.446263888889,5478.915944444444,5851.625652777778,AGV2
0.8763749999999999,-0.2963472222222222,-0.3774305555555555,2372.255930555556,6677.27675,5454.310055555556,5867.959458333334,AGV2
0.8754722222222222,-0.3248333333333333,-0.356,1737.9072083333333,6676.987625,5438.206583333334,5877.899569444444,AGV2
0.8565,-0.3561666666666666,-0.3688333333333333,1064.3061944444444,6676.668874999999,5477.457805555556,5864.496180555555,AGV2
0.8851830985915493,-0.2363239436619718,-0.3927464788732394,582.842323943662,6675.331084507042,5490.566605633802,5825.613436619718,AGV2
0.8955416666666667,-0.0932638888888888,-0.4302777777777777,614.309625,6673.563916666667,5488.51075,5811.022694444445,AGV2
0.9094305555555556,0.0147916666666666,-0.4112916666666666,544.5327083333334,6674.752444444444,5485.194388888889,5802.437972222222,AGV2
0.7929027777777777,-0.0355416666666666,-0.4670972222222222,517.2625833333334,6675.227791666667,5499.811513888889,5894.665152777778,AGV2
0.4302916666666667,-0.8294027777777777,-0.3080277777777778,517.0168055555555,6675.143402777778,5581.067736111111,6008.571125,AGV2
-0.0152676056338028,-0.941774647887324,-0.2908028169014084,517.0132112676057,6675.062830985916,5643.087873239437,6004.570746478873,AGV2
-0.1709861111111111,-0.8916944444444445,-0.4130972222222222,517.009361111111,6674.982166666667,5666.215375,5938.675333333334,AGV2
-0.1756805555555555,-0.8041805555555555,-0.56575,517.0054444444445,6674.900958333334,5661.348305555555,5895.775236111111,AGV2
-0.0336805555555555,-0.7815277777777778,-0.6143333333333333,517.0015138888889,6674.819777777778,5650.495652777779,5878.947277777778,AGV2
0.1240416666666666,-0.9781805555555556,-0.0571805555555555,516.9975416666666,6674.738625,5648.028986111111,5886.689597222223,AGV2
0.2355694444444444,-0.951625,-0.05675,516.9935694444445,6674.657569444444,5648.491513888888,5896.205236111111,AGV2
0.1265070422535211,-0.9670845070422536,-0.1419154929577465,516.9895915492957,6674.576957746479,5648.489,5896.247,AGV2
0.1944305555555555,-0.9552361111111112,-0.0309722222222222,516.9855694444445,6674.496319444444,5648.489,5896.247,AGV2
0.1688333333333333,-0.971625,-0.0149583333333333,516.9814722222222,6674.415152777778,5648.489,5896.247,AGV2
0.0761527777777777,-0.9872638888888888,-0.0045416666666666,516.9773611111111,6674.333958333333,5648.489,5896.247,AGV2
0.0249305555555555,-0.9860277777777776,-0.0619166666666666,516.97325,6674.252861111111,5648.489,5896.247,AGV2
-0.3485138888888889,-0.9344861111111112,0.0322916666666666,516.9690972222222,6674.171652777778,5648.489,5896.247,AGV2
0.2585915492957746,-0.9504647887323944,-0.0745492957746478,516.964957746479,6674.091154929578,5648.489,5896.247,AGV2
0.2021388888888889,-0.9579444444444444,-0.1131388888888889,516.9607916666666,6674.0105277777775,5648.489,5896.247,AGV2
-0.0097333333333333,-0.9775333333333334,-0.2073,516.9577666666667,6673.953066666667,5648.489,5896.247,AGV2
-0.41094,-0.18634,-0.8753,9949.99634,10269.892,5603.31956,5833.439200000001,AGV3
-0.2956666666666667,0.6799027777777779,-0.5249999999999999,9950.000041666666,10164.890152777778,5603.429069444444,5837.562444444444,AGV3
0.29528,0.9182,-0.09272,9950.01176,9992.92108,5570.947639999999,5848.7724800000005,AGV3
-0.2436666666666666,0.6508627450980393,-0.0516862745098039,9950.123568627452,9393.726843137256,5563.004490196078,5896.563529411765,AGV3
0.5785555555555556,0.7031777777777778,-0.0516888888888888,9950.30042222222,8768.762111111111,5552.642311111112,6112.177511111111,AGV3
0.3649666666666666,0.7851833333333332,-0.1014333333333333,9947.077433333332,8159.194466666667,5551.16585,6301.035066666666,AGV3
0.099125,0.9445625,-0.118578125,9837.216078125,7448.001578125,5644.504890625,6623.73484375,AGV3
-0.0453194444444444,0.984763888888889,-0.1232638888888889,9427.060277777777,6982.373305555556,5766.621472222222,6919.147333333333,AGV3
-0.1616111111111111,0.9742916666666668,-0.0956666666666666,8800.610347222222,6751.61675,5801.870444444445,7244.202208333333,AGV3
0.0006944444444444,0.9770277777777778,-0.2047916666666666,8184.955791666667,6669.880902777778,5687.894361111111,7516.248583333334,AGV3
0.1387222222222222,0.9829444444444444,-0.1124166666666666,7928.371041666666,6653.491708333333,5563.707194444444,7788.114138888889,AGV3
0.2072112676056338,0.968338028169014,-0.1311549295774647,7709.790183098592,6644.548774647888,5565.742633802817,8084.505718309859,AGV3
-0.0187083333333333,0.9403611111111112,-0.3071111111111111,7489.49123611111,6638.481527777778,5654.375638888889,8319.057111111111,AGV3
-0.0685277777777777,0.9169722222222224,-0.3908055555555556,7267.652736111111,6634.261930555555,5666.562708333334,8354.679541666666,AGV3
0.0873194444444444,0.8649305555555555,-0.491625,7045.653027777777,6631.496194444445,5625.017458333333,8408.394277777777,AGV3
0.1975694444444444,0.7201527777777778,-0.6572361111111111,6823.440055555556,6629.868819444444,5602.231055555556,8468.429750000001,AGV3
0.3103098591549296,0.6389154929577465,-0.7010845070422536,6602.402267605634,6628.951169014084,5583.980690140846,8481.622295774647,AGV3
0.3198028169014084,0.7053521126760564,-0.5683521126760563,6381.333971830986,6628.469915492958,5600.608830985916,8499.439169014084,AGV3
0.0951111111111111,0.9802361111111112,-0.098375,6161.044527777778,6628.206013888888,5632.279875,8513.503097222223,AGV3
0.078,0.9865277777777778,-0.02225,5939.303069444444,6628.0500833333335,5652.466583333333,8495.153958333332,AGV3
-0.1454166666666666,0.9580833333333332,-0.058,5717.083625,6627.960416666667,5650.404972222223,8484.6325,AGV3
-0.238625,0.9402638888888888,-0.1284722222222222,5495.170791666667,6627.926083333334,5650.062,8484.089,AGV3
-0.0726805555555555,0.9513333333333333,-0.18425,5273.282305555556,6627.928819444444,5650.062,8484.089,AGV3
-0.0197746478873239,0.9574366197183096,-0.0719154929577464,5052.848084507042,6627.955704225352,5650.062,8484.089,AGV3
-0.1994305555555555,0.9446388888888888,-0.1345416666666666,4832.641513888889,6628.004486111111,5650.062,8484.089,AGV3
-0.1001111111111111,0.9445833333333334,-0.1851111111111111,4610.943652777778,6628.061097222222,5650.062,8484.089,AGV3
0.0780694444444444,0.9736805555555555,-0.1646666666666666,4389.039541666667,6628.124194444445,5650.062,8484.089,AGV3
-0.1492916666666666,0.9716805555555555,-0.0918472222222222,4167.418402777777,6628.192652777778,5650.062,8484.089,AGV3
0.0802777777777777,0.9773055555555556,-0.1947777777777778,3944.942208333333,6628.262138888889,5650.062,8484.089,AGV3
0.033169014084507,0.974281690140845,-0.181,3670.2375070422536,6628.329746478873,5650.062,8484.089,AGV3
-0.1015694444444444,0.9699027777777778,-0.1397361111111111,3232.268625,6628.401986111112,5650.062,8484.089,AGV3
0.1495925925925925,0.9844814814814816,-0.0757037037037037,2816.333259259259,6628.45562962963,5650.062,8484.089,AGV3
0.4814827586206896,0.2632758620689655,-0.8227586206896551,3789.787827586207,11577.248137931034,5679.328310344828,8532.276586206897,AGV4
0.5949714285714286,-0.4190285714285714,-0.5766285714285714,3777.4793142857143,11521.176785714286,5681.504557142857,8540.436928571427,AGV4
0.6305211267605634,-0.4903098591549295,-0.5282676056338028,3717.182098591549,11328.70895774648,5700.4753802816895,8558.194929577465,AGV4
0.6771851851851851,-0.6458888888888888,-0.0747222222222222,3635.945555555556,10918.691259259258,5731.982518518518,8527.135240740741,AGV4
0.4885102040816326,-0.5597755102040816,-0.088,3594.3548163265305,10528.459775510204,5779.511591836736,8479.602183673469,AGV4
0.5464489795918367,-0.7075714285714285,-0.0624081632653061,3550.723306122449,9670.023530612243,5889.396591836735,8373.524408163265,AGV4
0.603056338028169,-0.6426619718309858,-0.3244647887323943,3550.752943661972,9302.480366197184,5953.682535211268,8247.540690140844,AGV4
0.5913333333333334,-0.6702777777777778,-0.3034027777777778,3568.248652777778,9071.144277777776,6058.120291666667,8117.193208333333,AGV4
0.592125,-0.5659444444444444,-0.5038611111111111,3646.0062361111113,8697.690208333333,6222.650111111111,8003.000944444444,AGV4
0.4509444444444443,-0.8791666666666668,-0.1186666666666666,3873.161430555556,8229.525472222223,6447.873097222222,7781.23175,AGV4
0.4248194444444444,-0.8945694444444445,-0.1163472222222222,4112.741013888889,8007.717652777777,6578.360569444445,7542.330263888889,AGV4
0.4802394366197183,-0.8596901408450704,-0.155943661971831,4308.938056338028,7906.592901408451,6699.38247887324,7299.988647887324,AGV4
0.3631111111111111,-0.9189722222222222,-0.1411666666666666,4515.551291666667,7829.659152777778,6926.6331666666665,7076.2820833333335,AGV4
0.2941249999999999,-0.9410972222222224,-0.1548055555555555,4730.216833333334,7772.204083333334,7092.682861111111,6871.639444444444,AGV4
0.3251805555555556,-0.9308472222222224,-0.1559583333333333,4948.124944444444,7729.802583333333,7160.430125,6613.326638888889,AGV4
0.3756388888888888,-0.9159583333333332,-0.1380694444444444,5167.833791666667,7699.849041666667,7263.543916666666,6335.311958333334,AGV4
0.1755555555555555,-0.9548888888888888,-0.194375,5388.7579166666665,7677.431180555556,7414.024930555556,6149.783055555556,AGV4
-0.138943661971831,-0.9178028169014084,-0.3690985915492957,5608.802704225352,7662.17447887324,7509.791774647888,6024.558887323943,AGV4
-0.2137916666666666,-0.8293611111111111,-0.5144444444444445,5829.040597222223,7651.653361111112,7531.128652777778,5951.104319444445,AGV4
-0.3025138888888888,-0.6703888888888889,-0.6749444444444445,6051.065958333334,7644.394152777777,7536.249666666667,5901.8486250000005,AGV4
-0.3140833333333333,-0.6559722222222223,-0.684875,6272.913111111111,7639.237305555555,7539.451236111112,5886.695930555556,AGV4
-0.1187222222222222,-0.9757638888888888,-0.1032361111111111,6494.677416666666,7635.598124999999,7529.393055555556,5872.6708194444445,AGV4
0.1361944444444444,-0.9832916666666668,-0.11,6716.302069444445,7633.076263888889,7524.718,5913.261888888888,AGV4
0.0468732394366197,-0.9792676056338028,-0.1183098591549295,6936.705690140845,7631.314084507043,7523.915,5910.716,AGV4
-0.2613055555555555,-0.9442222222222222,-0.1590833333333333,7156.973763888888,7630.117458333334,7523.915,5910.716,AGV4
0.0150416666666666,-0.9796944444444444,-0.0954305555555555,7378.766180555556,7629.272041666666,7523.915,5910.716,AGV4
-0.1578472222222222,-0.9469166666666666,-0.0567222222222222,7600.572347222223,7628.735347222221,7523.915,5910.716,AGV4
0.1091111111111111,-0.9798194444444444,-0.0945,7822.263111111111,7628.388680555556,7523.915,5910.716,AGV4
-0.3893521126760563,-0.9123943661971832,-0.0372535211267605,8042.700366197183,7628.171591549295,7523.915,5910.716,AGV4
-0.1265972222222222,-0.92225,-0.0317916666666666,8262.999972222222,7628.0441527777775,7523.915,5910.716,AGV4
-0.0060833333333333,-0.9745,-0.1279305555555555,8484.72238888889,7627.983375,7523.915,5910.716,AGV4
-0.287625,-0.9414027777777776,-0.1397083333333333,8706.593625000001,7627.968597222221,7523.915,5910.716,AGV4
-0.0482916666666666,-0.97,-0.1322638888888888,8928.453597222222,7627.979777777778,7523.915,5910.716,AGV4
-0.24175,-0.94475,-0.221625,9064.081,7627.9973125,7523.915,5910.716,AGV4
-0.5242631578947369,-0.0836578947368421,-0.7999999999999999,15084.649736842104,6670.001052631579,7476.260421052631,5834.970157894737,AGV5
-0.1539861111111111,0.7054722222222222,-0.5067638888888889,15004.475361111112,6669.992388888889,7471.962569444444,5822.418319444445,AGV5
0.0636923076923077,0.9494615384615384,-0.0446153846153846,14820.846846153843,6669.973615384616,7475.232384615384,5815.409,AGV5
-0.3541538461538461,0.6725384615384615,-0.0693846153846153,14402.541576923077,6669.908653846154,7466.144615384615,5834.520153846154,AGV5
0.0152682926829268,0.9877317073170732,-0.1047317073170731,13589.914560975609,6669.689268292683,7438.524512195122,6006.495829268292,AGV5
0.0776944444444444,0.985972222222222,-0.1315277777777778,13061.018513888888,6669.533180555556,7407.368125,6196.194583333334,AGV5
0.0612777777777777,0.9911944444444444,-0.1112361111111111,12387.051791666669,6669.334069444445,7391.484,6383.061486111112,AGV5
0.0797777777777777,0.988125,-0.1295833333333333,11713.09734722222,6669.129027777777,7397.588722222223,6600.312097222222,AGV5
0.060625,0.9895277777777776,-0.1223194444444444,11039.314138888887,6668.919444444445,7406.971,6882.91475,AGV5
0.0874305555555555,0.9843472222222224,-0.1462916666666666,10365.497402777775,6668.709625,7408.302055555556,7108.753458333334,AGV5
0.0629014084507042,0.9455352112676056,-0.2799014084507042,9834.741605633802,6668.545309859155,7450.0670985915485,7412.854112676056,AGV5
0.0023472222222222,0.9967083333333334,-0.0553611111111111,9627.404180555555,6668.490374999999,7501.446777777777,7687.995,AGV5
-0.0094722222222222,0.994263888888889,-0.0974999999999999,9405.503694444444,6668.434805555556,7502.894777777778,7924.027569444444,AGV5
0.0734722222222222,0.9691805555555556,-0.2171805555555555,9183.632152777778,6668.379375,7478.247791666667,8192.625541666666,AGV5
-0.2814305555555556,0.8625277777777778,-0.375625,8961.588833333333,6668.323861111112,7497.439305555556,8380.35401388889,AGV5
-0.1722916666666666,0.8234722222222222,-0.4731944444444445,8739.508125,6668.268361111111,7497.937555555555,8438.852708333334,AGV5
0.0426760563380281,0.8755352112676056,-0.4784647887323944,8519.236323943662,6668.213309859155,7486.896507042254,8461.517943661971,AGV5
0.18525,0.8305972222222222,-0.5193472222222222,8298.869819444444,6668.158208333333,7472.686277777778,8486.806208333333,AGV5
0.2155774647887323,0.8208450704225352,-0.5173380281690141,8077.047690140845,6668.102845070423,7463.916267605635,8495.519690140845,AGV5
0.0179027777777777,0.99625,-0.0136666666666666,7857.226847222222,6668.047763888889,7467.875972222221,8495.905319444444,AGV5
-0.3525138888888889,0.927236111111111,-0.1196805555555555,7635.158166666667,6667.992194444445,7471.697611111111,8497.255611111112,AGV5
0.2057361111111111,0.9452916666666664,-0.1318333333333333,7413.058236111111,6667.936513888889,7471.706999999999,8497.252,AGV5
-0.3117464788732394,0.9351549295774648,-0.1001971830985915,7192.609746478874,6667.881281690141,7471.707,8497.252,AGV5
0.1784444444444444,0.95875,-0.0999722222222222,6972.147069444444,6667.825944444445,7471.706999999999,8497.252,AGV5
0.0547222222222222,0.9376111111111112,-0.0345416666666666,6749.9281388888885,6667.770138888889,7471.706999999999,8497.252,AGV5
0.1388472222222222,0.9644166666666668,-0.1444722222222222,6528.289013888889,6667.714375,7471.706999999999,8497.252,AGV5
0.3245,0.9100833333333332,0.0087777777777777,6306.472027777778,6667.658527777778,7471.706999999999,8497.252,AGV5
-0.2290845070422535,0.952985915492958,-0.1051549295774647,6086.264126760564,6667.603028169014,7471.707,8497.252,AGV5
-0.2144583333333333,0.9446805555555556,-0.1123055555555555,5865.73975,6667.547361111111,7471.706999999999,8497.252,AGV5
0.1546585365853658,0.9438780487804878,-0.2837560975609756,5691.138609756097,6667.503170731708,7471.707,8497.252,AGV5
0.4787647058823529,0.3334117647058823,-0.8120588235294117,15099.245647058824,6680.004529411765,7493.908588235294,8532.173999999999,AGV6
0.4930833333333334,-0.1624583333333333,-0.7634444444444445,15054.995069444443,6679.995958333334,7497.194861111111,8534.413194444445,AGV6
-0.01998,-0.7707999999999999,-0.4116,14888.26162,6679.98116,7514.076139999999,8539.7611,AGV6
0.3370555555555555,-0.5357777777777778,-0.081,14390.83272222222,6679.904555555556,7516.886833333333,8534.564555555557,AGV6
0.920346153846154,-0.3754615384615384,-0.0911538461538461,14117.553423076924,6679.8399615384615,7528.914346153846,8504.465461538462,AGV6
0.6060545454545454,-0.5760727272727273,-0.0823818181818181,13285.151090909092,6679.598654545454,7556.091781818182,8311.866745454545,AGV6
0.442375,-0.7185625,-0.110375,12607.256375,6679.399145833333,7604.872104166666,8052.086145833334,AGV6
-0.0905970149253731,-0.9625671641791046,-0.1424776119402985,11900.99267164179,6679.185552238806,7658.002134328358,7600.765626865672,AGV6
-0.0507083333333333,-0.9436527777777778,-0.2602777777777778,11246.521,6678.982736111111,7589.698013888888,6974.596486111111,AGV6
0.0234166666666666,-0.9643194444444444,-0.186375,10572.649958333332,6678.773680555556,7468.429208333334,6567.147875,AGV6
0.2391249999999999,-0.9410277777777778,-0.2295694444444444,9949.35525,6678.580402777778,7409.633069444444,6170.30725,AGV6
0.2396666666666666,-0.9153055555555556,-0.3228611111111111,9684.698041666668,6678.502583333333,7432.577138888889,6069.842000000001,AGV6
0.1391830985915493,-0.9024647887323944,-0.3977183098591549,9465.817253521129,6678.442901408451,7468.574845070422,6003.139549295775,AGV6
-0.02975,-0.6751666666666667,-0.7097083333333333,9245.593611111111,6678.383125,7530.943194444445,5891.435,AGV6
-0.2047916666666666,-0.5052638888888888,-0.8375416666666666,9023.81988888889,6678.322930555555,7547.60211111111,5866.681763888889,AGV6
-0.1717222222222222,-0.9095972222222222,-0.1841249999999999,8801.943277777777,6678.262763888889,7546.423833333332,5867.62361111111,AGV6
0.0179583333333333,-0.9970833333333334,-0.0535972222222222,8580.178597222222,6678.202652777778,7544.391,5869.015,AGV6
-0.3429154929577465,-0.9142676056338028,0.0158028169014084,8359.759816901409,6678.142915492957,7544.390999999999,5869.015,AGV6
-0.1179444444444444,-0.8915694444444444,-0.06175,8139.543763888888,6678.08325,7544.391,5869.015,AGV6
-0.4544444444444444,-0.8498194444444445,-0.1990833333333333,7917.469513888889,6678.023111111111,7544.391,5869.015,AGV6
-0.3269444444444444,-0.8662638888888889,-0.0370277777777777,7695.520625,6677.963,7544.391,5869.015,AGV6
-0.3613472222222222,-0.8846805555555556,-0.1094583333333333,7473.606152777778,6677.902888888889,7544.391,5869.015,AGV6
-0.4058472222222222,-0.8274861111111111,-0.0219722222222222,7251.717041666667,6677.842763888889,7544.391,5869.015,AGV6
0.0123943661971831,-0.9644929577464788,-0.1398309859154929,7031.348352112676,6677.783070422535,7544.390999999999,5869.015,AGV6
-0.60375,-0.7801805555555555,-0.0448472222222222,6811.048722222222,6677.723333333333,7544.391,5869.015,AGV6
-0.0815694444444444,-0.9628333333333332,-0.1155,6589.220222222222,6677.663166666667,7544.391,5869.015,AGV6
-0.3791388888888888,-0.8888888888888888,-0.2499027777777777,6367.484541666667,6677.603027777778,7544.391,5869.015,AGV6
-0.6423333333333333,-0.7576944444444444,0.0121388888888888,6145.725625,6677.542791666667,7544.391,5869.015,AGV6
0.0045277777777777,-0.9892222222222222,-0.0939305555555555,5923.921916666667,6677.482541666667,7545.010333333333,5870.189666666667,AGV6
-0.4746901408450704,-0.8385633802816901,-0.2026901408450704,5703.742366197183,6677.422661971831,7545.132,5870.423,AGV6
-0.4139444444444444,-0.8638888888888889,-0.2600972222222222,5483.352347222222,6677.362680555556,7545.132,5870.423,AGV6
-0.3614375,-0.891,-0.27034375,5322.86778125,6677.3189375,7545.132,5870.423,AGV6
-0.5825230769230769,0.0240153846153846,-0.6803230769230769,15081.64916923077,6680.003415384615,7473.760046153846,5832.639323076923,AGV7
-0.1424583333333333,0.8209722222222222,-0.383375,14940.769152777775,6679.997666666666,7465.5903194444445,5830.249680555556,AGV7
-0.5392361111111111,0.1568333333333333,-0.8129444444444444,14626.857305555555,6679.962527777778,7462.552291666667,5828.340583333334,AGV7
-0.5794166666666667,0.238,-0.7538472222222222,14127.916819444445,6679.853861111111,7458.924722222222,5842.847791666667,AGV7
0.1900555555555555,0.5271111111111111,-0.7294305555555556,13472.845402777775,6679.664333333333,7449.7115277777775,5837.275236111111,AGV7
0.8916470588235295,0.1751176470588235,-0.2636666666666666,12758.589843137255,6679.448607843137,7424.727392156863,5856.2568039215685,AGV7
0.8552083333333333,0.2085138888888889,-0.3796666666666666,12144.628569444443,6679.262888888889,7442.390861111111,5873.444625,AGV7
0.9629516129032256,-0.0665322580645161,-0.242516129032258,11425.059677419356,6679.044967741936,7570.361983870968,5951.281467741936,AGV7
0.9840277777777776,0.0525555555555555,-0.1273611111111111,10796.231638888888,6678.852319444445,7687.494541666666,5981.948777777778,AGV7
0.9188611111111112,-0.0582916666666666,-0.311625,10219.869916666668,6678.670944444445,7870.3246944444445,5953.450958333333,AGV7
0.940344262295082,0.1769180327868852,-0.194,9992.704442622951,6678.605245901639,8133.220983606557,5841.414573770491,AGV7
0.958763888888889,0.195625,-0.1749444444444444,9777.43573611111,6678.547180555555,8299.273527777777,5846.7065694444445,AGV7
0.9357638888888888,0.2118333333333333,-0.2365694444444444,9555.473916666666,6678.487541666666,8370.436916666666,5877.999875,AGV7
0.9235138888888887,0.0567916666666666,-0.3239305555555555,9333.635305555556,6678.428,8510.240222222223,5892.116902777778,AGV7
0.9326304347826088,0.0128695652173913,-0.2645652173913043,9116.88845652174,6678.36997826087,8709.917652173914,5866.596456521738,AGV7
0.8110833333333334,0.2344722222222222,-0.5005833333333334,8889.841666666667,6678.309194444444,9018.282111111112,5879.2725,AGV7
0.8318548387096775,0.1871290322580645,-0.4118225806451613,8680.41314516129,6678.253225806452,9319.116032258064,5941.726451612903,AGV7
0.938722222222222,0.0458055555555555,-0.2870277777777777,8448.910333333333,6678.191402777778,9706.189305555556,5984.236124999999,AGV7
0.968111111111111,-6.944444444444374e-05,-0.1879166666666666,8226.934972222221,6678.132138888889,10054.33475,5987.834569444444,AGV7
0.9822638888888888,-0.0340555555555555,-0.1777777777777777,8001.361888888889,6678.071916666667,10495.277361111112,6032.607291666666,AGV7
0.985097222222222,-0.0442638888888888,-0.1439027777777778,7689.545513888889,6677.984416666667,10922.309208333334,6076.355083333333,AGV7
0.9796666666666668,-0.0202916666666666,-0.1871111111111111,7196.944611111111,6677.810166666666,11324.843111111111,6004.929777777778,AGV7
0.965281690140845,0.0065633802816901,-0.2484084507042253,6547.993887323943,6677.534605633803,11663.557873239435,5999.562408450704,AGV7
0.95825,-0.1216111111111111,-0.2534305555555555,5878.8725,6677.244,12016.370875,6048.284027777778,AGV7
0.9586527777777776,-0.1569444444444444,-0.2257638888888888,5204.992736111111,6676.944541666667,12328.011125,6029.4821527777785,AGV7
0.8690694444444444,-0.4647916666666667,-0.1139722222222222,4531.809416666667,6676.642041666667,12661.154583333331,6050.688597222223,AGV7
0.6419305555555556,-0.7202083333333333,-0.2359861111111111,3858.289666666667,6676.339166666667,12931.18525,6069.299916666667,AGV7
0.4438194444444444,-0.8464305555555556,-0.2834166666666666,3184.6248194444443,6676.035986111111,13026.976611111111,6084.221555555556,AGV7
0.3601971830985915,-0.8607323943661972,-0.3502676056338028,2515.557647887324,6675.7346901408455,13100.407450704226,6020.879802816901,AGV7
0.2070555555555555,-0.8140972222222222,-0.5176527777777777,1846.3692916666669,6675.432111111111,13156.727472222225,5940.293013888889,AGV7
0.1091527777777777,-0.4745138888888889,-0.87225,1172.6845416666663,6675.119847222222,13188.796,5861.4,AGV7
0.0771666666666666,-0.7734166666666666,-0.4680972222222223,618.6604583333333,6675.042333333334,13185.251430555556,5866.103791666666,AGV7
0.1830694444444444,-0.9628611111111112,-0.09925,661.9041944444444,6675.895194444445,13185.636375,5865.505222222222,AGV7
0.2775,-0.9530555555555555,-0.095625,649.8216944444443,6675.801263888889,13187.604,5870.9,AGV7
-0.004338028169014,-0.9603661971830983,-0.1677605633802817,532.5512253521127,6674.998098591549,13187.604028169011,5870.900478873239,AGV7
0.0395416666666666,-0.954625,-0.0844305555555555,517.6925138888889,6674.788305555555,13187.609402777778,5870.968847222222,AGV7
-0.0401249999999999,-0.965375,-0.1848194444444444,517.6608472222222,6674.678958333334,13187.613,5871.01,AGV7
0.216875,-0.9542083333333332,-0.1182222222222222,517.65775,6674.578652777778,13187.613,5871.01,AGV7
-0.0221111111111111,-0.972875,-0.1511111111111111,517.6546805555555,6674.478458333334,13187.613,5871.01,AGV7
-0.1637042253521126,-0.9402676056338028,-0.0083802816901408,517.6515352112676,6674.378816901409,13187.613,5871.01,AGV7
-0.1185972222222222,-0.9455694444444444,-0.1446805555555555,517.6484166666667,6674.279305555556,13187.613,5871.01,AGV7
-0.1578571428571428,-0.9478571428571428,-0.2768571428571428,517.647,6674.2242857142855,13187.613,5871.01,AGV7
-0.5363333333333333,-0.3271333333333333,-0.7772666666666667,9710.003666666666,11229.441533333333,13172.843933333334,5854.7466,AGV8
-0.5141944444444444,0.1674027777777778,-0.6966944444444444,9717.551902777775,11191.243541666669,13167.054736111111,5852.897208333333,AGV8
0.3093333333333333,0.747072463768116,-0.098391304347826,9767.84936231884,11027.209768115945,13146.791710144927,5844.112246376812,AGV8
-0.1618775510204081,0.4356734693877551,-0.075469387755102,9840.437102040816,10722.082448979592,13125.952714285711,5871.360612244897,AGV8
-0.2165245901639344,0.9417704918032788,-0.0751147540983606,9898.932901639344,10193.81962295082,13105.770393442624,5946.5516065573765,AGV8
-0.3298591549295775,0.8705774647887324,-0.0772535211267605,9928.647732394364,9542.509507042254,13075.554845070425,6195.11785915493,AGV8
-0.0230555555555555,0.9300277777777778,-0.2853611111111111,9948.491361111111,8874.444194444444,13109.447236111111,6536.649527777778,AGV8
0.0107605633802816,0.9830140845070422,-0.1674084507042253,10044.597690140845,8214.741126760564,13122.094464788734,6878.487112676056,AGV8
-0.7415833333333333,0.4990416666666666,-0.12575,10393.282069444444,7673.397097222222,13151.468875,7288.469680555556,AGV8
-0.1055416666666666,0.9655138888888888,-0.0991249999999999,10821.296833333334,7486.131194444444,13206.785583333334,7717.743152777777,AGV8
-0.0963888888888889,0.9774583333333332,-0.1732083333333333,11045.707819444444,7455.524,13158.104694444446,8041.359430555555,AGV8
-0.0999305555555555,0.9670138888888888,-0.2232777777777778,11266.637374999998,7432.877819444444,13093.47225,8253.406680555556,AGV8
-0.1191111111111111,0.9536111111111112,-0.2589583333333333,11488.15261111111,7416.712430555556,13074.793388888887,8351.647083333333,AGV8
0.2209295774647887,0.7313098591549296,-0.5225352112676056,11708.348225352112,7405.1764366197185,13006.929704225353,8485.987746478873,AGV8
0.6185138888888889,0.4731249999999999,-0.6103194444444444,11928.637416666666,7397.090444444444,12966.452888888887,8536.396083333333,AGV8
0.5917638888888889,0.7109444444444445,-0.2017222222222222,12150.603597222223,7391.281208333333,12960.81211111111,8539.007694444444,AGV8
0.7160555555555556,0.6835416666666667,-0.0619027777777777,12372.34926388889,7387.09376388889,12961.114361111113,8546.388569444443,AGV8
0.6231944444444444,0.76575,-0.1008888888888888,12594.061777777775,7384.162402777777,12961.30125,8543.803291666667,AGV8
0.82,0.5439722222222223,-0.1456111111111111,12815.822972222222,7382.133055555555,12960.636152777775,8542.272513888889,AGV8
0.7464507042253521,0.6398732394366197,-0.0997464788732394,13036.06352112676,7380.721197183098,12959.811,8541.298,AGV8
0.7530833333333333,0.6207083333333334,-0.1439166666666666,13256.517319444443,7379.749333333334,12959.811,8541.298,AGV8
0.7688055555555555,0.6155416666666667,-0.1174166666666666,13478.268569444444,7379.074541666666,12959.811,8541.298,AGV8
0.7039444444444444,0.6829861111111112,-0.0902222222222222,13699.987402777777,7378.644652777778,12959.811,8541.298,AGV8
0.8219803921568627,0.5392941176470588,-0.1601372549019608,13889.337705882352,7378.424529411764,12959.811000000002,8541.298,AGV8
0.5711230769230768,0.1891538461538461,-0.7075538461538462,9712.851076923076,11212.735076923078,13117.68356923077,8518.619707692307,AGV9
0.2118846153846154,-0.8250384615384616,-0.3476538461538461,9743.357634615384,11102.4215,13138.440384615384,8521.731442307691,AGV9
0.7927272727272728,-0.3461590909090909,-0.0589772727272727,9815.740704545457,10855.796636363635,13166.335181818182,8496.33909090909,AGV9
-0.7,-0.709,-0.078,9900.348,10187.683,13211.491,8395.996,AGV9
-0.03305,-0.9223833333333332,-0.3130833333333333,9924.842283333332,9695.36345,13268.35225,8219.635916666668,AGV9
-0.0649444444444444,-0.9589305555555556,-0.1922916666666666,9936.638972222225,9077.975513888889,13237.812736111113,7984.761472222222,AGV9
-0.0096944444444444,-0.994763888888889,-0.090375,10001.199083333331,8408.949416666666,13121.625097222222,7649.991277777777,AGV9
-0.0036527777777777,-0.9907638888888888,-0.1245694444444444,10296.981486111112,7829.609097222222,13134.603277777778,7335.610083333333,AGV9
-0.0658873239436619,-0.9941549295774648,-0.0783521126760563,10751.811436619715,7568.037661971831,13219.691028169014,6930.793380281691,AGV9
-0.0512916666666666,-0.9909027777777778,-0.1162777777777777,10953.39836111111,7514.201458333333,13217.970055555556,6610.99625,AGV9
0.1105833333333333,-0.9735694444444444,-0.1746666666666666,11171.366791666667,7474.334541666667,13139.147555555555,6272.186791666667,AGV9
0.1999305555555555,-0.9296527777777778,-0.3002222222222222,11391.32176388889,7446.438833333334,13139.287597222225,6062.362375000001,AGV9
0.0836111111111111,-0.7366666666666667,-0.6524305555555556,11612.351666666666,7426.531055555556,13187.605861111111,5912.357152777778,AGV9
-0.0071805555555555,-0.6385555555555555,-0.7661944444444445,11833.717125,7412.140263888889,13197.752847222222,5890.497763888889,AGV9
-0.1586197183098591,-0.9741549295774646,-0.0129014084507042,12053.630352112676,7401.981774647887,13209.247408450705,5889.532,AGV9
0.1899027777777777,-0.9766666666666666,-0.0772361111111111,12273.989125,7394.875875,13206.829,5889.527,AGV9
-0.1706111111111111,-0.95525,-0.1051944444444444,12495.716666666667,7389.600847222223,13206.829,5889.527,AGV9
-0.2647777777777778,-0.9279444444444443,-0.098,12717.215902777778,7385.938680555555,13206.829,5889.527,AGV9
0.0618888888888888,-0.9534166666666668,-0.0923888888888889,12938.924194444444,7383.382194444445,13206.829,5889.527,AGV9
-0.4947605633802817,-0.8645492957746478,0.0226338028169014,13159.147352112675,7381.608281690141,13206.829,5889.527,AGV9
0.0739722222222222,-0.9754583333333334,-0.1192777777777777,13379.733319444444,7380.347305555556,13206.829,5889.527,AGV9
-0.4792916666666666,-0.8625972222222222,-0.0146249999999999,13601.848597222222,7379.481263888888,13206.829,5889.527,AGV9
-0.2388472222222222,-0.8863055555555556,-0.0143472222222222,13823.88940277778,7378.90436111111,13206.829,5889.527,AGV9
-0.0543055555555555,-0.9634583333333332,-0.1813333333333333,14045.72188888889,7378.539277777778,13206.829,5889.527,AGV9
-0.3387361111111111,-0.890986111111111,-0.2914861111111111,14267.50001388889,7378.314833333333,13207.018222222225,5889.633277777778,AGV9
-0.31,-0.8996666666666666,-0.3067222222222222,14405.993333333334,7378.229277777778,13210.248722222224,5890.7125,AGV9
